Estado	Título	Emisores	Ticker	Fecha de Alta	Vencimiento	Moneda	Ley Aplicable	Jurisdicción	Negociación	Código ISIN	Serie/Clase	Monto colocado	Monto Autorizado	Fecha de colocación	Régimen	Colocadores	Calificación de riesgo	Licitador	Tasa/Margen	Precio de Corte	TIR	Duration
Normal	ON - COEMISION CLASE XLV DE GENERACION MEDITERRANEA -CENTRAL TERMICA ROCA	GENERACION MEDITERRANEA S.A.	MR45O 	27/07/2026	30/06/2036	Dólares estadounidenses (U$S)	Argentina		A3/BYMA	USP46214AJ49	CLASE XLV	0	0						0	0	0	
Normal	ON BANCO BBVA ARGENTINA CLASE 48	BANCO BBVA ARGENTINA S.A.	BF48O 	24/07/2026	24/01/2028	Dólares estadounidenses (U$S)	Argentina		A3/BYMA	AR0751637247	CLASE 48	20000000	42074070	2026-07-21T03:00:00		105,61,686,657,693,786	Fix SCR S.A. AAA(arg) 	105	3.75	0	3.75	1.48 AÑOS
Normal	ON BANCO BBVA ARGENTINA CLASE 49	BANCO BBVA ARGENTINA S.A.	BF49O 	24/07/2026	24/07/2027	Dólares estadounidenses (U$S)	Argentina		A3/BYMA	AR0705166111	CLASE 49	20000000	34323771	2026-07-21T03:00:00		105,61,657,693,786,686	Fix SCR S.A. A1+(arg) 	105	3.25	0	3.25	1.00 AÑOS
Normal	ON BANCO BBVA ARGENTINA CLASE 50	BANCO BBVA ARGENTINA S.A.	BF50O 	24/07/2026	24/07/2028	Dólares estadounidenses (U$S)	Argentina		A3/BYMA	AR0379091751	CLASE 50	20000000	58729484	2026-07-21T03:00:00		105,61,657,786,686,693	Fix SCR S.A. AAA(arg) 	105	5	0	5	1.93 AÑOS
Normal	ON ROMBO CIA FINANCIERA SERIE 67	ROMBO COMPAÑIA FINANCIERA S.A.	RB67O 	17/07/2026	17/10/2027	Pesos argentinos ($)	Argentina		A3/BYMA	AR0936856209	SERIE 67	10000000000	17063737777	2026-07-14T03:00:00		105,657,38,667,229,141	FIX SCR: "AAsf(arg)" 	105	4.5	0	4.5	0.91 AÑOS
Normal	ON ROMBO CIA FINANCIERA SERIE 68	ROMBO COMPAÑIA FINANCIERA S.A.	RB68O 	17/07/2026	17/04/2027	Pesos argentinos ($)	Argentina		A3/BYMA	AR0838667225	SERIE 68	10000000000	4557500000	2026-07-14T03:00:00		105,38,657,667,229,141	FIX SCR: "A1+sf(arg)" 	105	2.15	0	2.15	0.76 AÑOS
Normal	ON CLASE XXXII DE VISTA ENERGY ARGENTINA S.A.	VISTA ENERGY ARGENTINA S.A.U.	VSCYO 	16/07/2026	16/01/2028	Dólares transferencia	Argentina		A3/BYMA	AR0844430410	CLASE XXXII	0	0				FIX SCR "A1+(Arg)" 	037	0	0	0	
Normal	ON CLASE XXXIII DE VISTA ENERGY ARGENTINA S.A.U.	VISTA ENERGY ARGENTINA S.A.U.	VSCZO 	16/07/2026	16/07/2029	Dólares estadounidenses (U$S)	Argentina		A3/BYMA	AR0647284436	CLASE XXXIII	0	0				FIX SCR " AAA (Arg)" 	037	0	0	0	
Normal	ON COEIMISION SERIE XLIII DE GENERACION MEDITERRANEA- CENTRAL TERMICA ROCA 	GENERACION MEDITERRANEA S.A.	MR43O 	15/07/2026	30/06/2036	Dólares estadounidenses (U$S)	Argentina		A3/BYMA	AR0870185862	SERIE XLIII	0	0						0	0	0	
Normal	ON COEMISION SERIE XLIV DE GENERACION MEDITERRANEA -CENTRAL TERMICA ROCA S.A.	GENERACION MEDITERRANEA S.A.	MR44O 	15/07/2026	30/06/2036	Dólares estadounidenses (U$S)	Argentina		A3/BYMA	AR0896413520	SERIE XLIV	0	0						0	0	0	
Normal	ON BANCO DE SERVICIOS Y TRANSACCIONES CLASE 29	BANCO DE SERVICIOS Y TRANSACCIONES S.A.	BVCVO 	15/07/2026	15/07/2027	Dólares estadounidenses (U$S)	Argentina		A3/BYMA	AR0413285237	CLASE 29	5000000	20518672	2026-07-13T03:00:00		630,73,55,786,229,667,697,670,693,R10,694	Moody's Local: "ML A-1.ar" 	001	5	0	5	11.91 MESES
Normal	ON BANCO DE SERVICIOS Y TRANSACCIONES CLASE 30	BANCO DE SERVICIOS Y TRANSACCIONES S.A.	BVCWO 	15/07/2026	15/07/2028	UVA	Argentina		A3/BYMA	AR0127432851	CLASE 30	5000000	4191519	2026-07-13T03:00:00		630,786,55,229,73,667,697,670,693,R10,694	Moody's Local: "A.ar" 	001	6	0	6	20.22 MESES
Normal	ON BANCO DE VALORES SERIE 4	BANCO DE VALORES S.A.	VBC4O 	14/07/2026	14/07/2027	Dólares estadounidenses (U$S)	Argentina		A3/BYMA	AR0291133426	SERIE 4	15000000	20000000	2026-07-13T03:00:00		662	Moody's Local: "ML A-1.ar" 	632	4.25	0	4.25	1.01 AÑOS
Normal	ON CLASE 11 DE Empresa Distribuidora y Comercializadora Norte S.A.	Empresa Distribuidora y Comercializadora Norte S.A. (EDENOR)	DNCBO 	03/07/2026	03/07/2029	Dólares estadounidenses (U$S)	Argentina		A3/BYMA	AR0585477562	CLASE 11	150000000	213462519	2026-07-02T03:00:00		659,657,142,141		659	7.5	0	7.5	2.744 AÑOS
Normal	ON CLASE 3 de EMPRESA DISTRIBUIDORA DE ELECTRICIDAD DE SALTA (EDESA) S.A.	Empresa Distribuidora de Electricidad de Salta (EDESA) S.A.	DEC3O 	03/07/2026	03/07/2027	Pesos argentinos ($)	Argentina		A3/BYMA	AR0862258230	CLASE 3	20000000	19824115944	2026-07-01T03:00:00		657,105,38,273,229,142,667,606,197,648,659	Fix SCR "A1 (Arg)" 	657	6	0	6	0.80 AÑOS
Normal	ON CLASE 4 DE Empresa Distribuidora de Electricidad de Salta (EDESA ) S.A.	Empresa Distribuidora de Electricidad de Salta (EDESA) S.A.	DEC4O 	03/07/2026	03/07/2028	Dólares estadounidenses (U$S)	Argentina		A3/BYMA	AR0236391766	CLASE 4	20000000	11012458	2026-07-01T03:00:00		657,105,38,273,229,142,667,606,197,648,659	Fix SCR "A+ (Arg)" 	657	8.5	0	8.5	1.82 AÑOS
Normal	ON BANCO MARIVA SERIE III	BANCO MARIVA S.A.	WBS3O 	30/06/2026	06/07/2027	Dólares estadounidenses (U$S)	Argentina		A3/BYMA	AR0148949040	SERIE III	10000000	46491206	2026-06-26T03:00:00		142,37,657,480,667	Moody´s “ML A-1.ar" 	142	6	0	6	11.93 MESES
Normal	ON CLASE 7 DE PLUSPETROL S.A. 	PLUSPETROL S.A.	PLC7O 	30/06/2026	30/06/2037	Dólares estadounidenses (U$S)	Extranjera		A3/BYMA	USP7924AAD02	CLASE 7	0	0						0	0	0	
Normal	ON CLASE 5 DE PLAZA LOGISTICA SRL emitida bajo el régimen de Emisor Frecuente	PLAZA LOGISTICA SRL	ZPC5O 	26/06/2026	26/06/2029	Dólares estadounidenses (U$S)	Argentina		A3/BYMA	AR0514899985	CLASE 5	15000000	20000000	2026-06-24T03:00:00		141,37,657,693,648,697,660,686	Fix SCR "AA (arg)" 	657	6.5	0	6.5	2.7 AÑOS
Normal	ON BANCO SANTANDER ARGENTINA CLASE XXXII	Banco Santander Río S.A.	BNCYO 	23/06/2026	23/06/2027	Pesos argentinos ($)	Argentina		A3/BYMA	AR0563811915	CLASE XXXII	50000000000	127141315941	2026-06-19T03:00:00		141	Fix SCR S.A.  A1+(arg) 	141	3.25	0	3.25	0.91 AÑOS
Normal	 ON MASTELLONE HERMANOS CLASE 2	MASTELLONE HERMANOS S.A.	MTC2O 	22/06/2026	22/06/2028	Dólares estadounidenses (U$S)	Argentina		A3/BYMA	AR0469473414	CLASE 2	60000000	42000000	2026-06-18T03:00:00		37,141,229,651,657,693,656,662,480,697,686	Moody´s  A.ar 	037	6.5	0	6.5	1.89 AÑOS
Normal	ON MASTELLONE HERMANOS CLASE 3	MASTELLONE HERMANOS S.A.	MTC3O 	22/06/2026	22/06/2027	Pesos argentinos ($)	Argentina		A3/BYMA	AR0494875476	CLASE 3	60000000	25905958200	2026-06-18T03:00:00		37,141,229,651,657,693,656,662,480,697,686	Moody´s ML A-1.ar 	037	3.99	0	3.99	0.91 AÑOS 
Normal	ON TOYOTA CIA FIN CLASE 39	TOYOTA Compañía Financiera de Argentina S.A.	TY39O 	22/06/2026	22/03/2027	Pesos argentinos ($)	Argentina		A3/BYMA	AR0691517285	CLASE 39	10000000000	15699800000	2026-06-18T03:00:00		480,105,37,229,141	 FIX SCR: "AA+(arg)" 	480	3.8	0	3.8	1.22 AÑOS
Normal	ON TOYOTA CIA FIN CLASE 40	TOYOTA Compañía Financiera de Argentina S.A.	TY40O 	22/06/2026	22/06/2027	Pesos argentinos ($)	Argentina		A3/BYMA	AR0303996810	CLASE 40	10000000000	8004060000	2026-06-18T03:00:00		480,105,37,229,141	FIX SCR: "AA+(arg)" 	480	2	0	2	1.00 AÑOS
Normal	ON TOYOTA CIA FIN CLASE 41	TOYOTA Compañía Financiera de Argentina S.A.	TY41O 	22/06/2026	22/06/2028	UVA	Argentina		A3/BYMA	AR0648416813	CLASE 41	10000000000	3162649	2026-06-18T03:00:00		480,105,37,229,141	FIX SCR: "AA+(arg)" 	480	4	0	4	1.66 AÑOS
Normal	ON SIDERSA CLASE II DE SIDERSA S.A.	SIDERSA S.A.	SIC2O 	19/06/2026	19/06/2029	Dólares estadounidenses (U$S)	Argentina		A3/BYMA	AR0800532910	CLASE II	30000000	50000000	2026-06-17T03:00:00		667,141,651,197,454,229,64,37,459	Fix SCR A+ (Arg) 	667	7.5	0	7.5	32.93 MESES
Normal	ON CREDITO DIRECTO CLASE 31	CREDITO DIRECTO S.A.	CXCXO 	19/06/2026	19/06/2027	Pesos argentinos ($)	Argentina		A3/BYMA	AR0698373179	CLASE 31	7000000000	12702713110	2026-06-17T03:00:00		630,648,40,229,55,697,657,61,674,691,R10,606	FIX SCR: "A2(arg)" 	001	7	0	7	9.03 MESES
Normal	ON CLASE II DE SIDERSA S.A.	SIDERSA S.A.	SIC2O 	19/06/2026	19/06/2029	Dólares estadounidenses (U$S)	Argentina		A3/BYMA	AR0800532910	CLASE II	30000000	50000000	2026-06-17T03:00:00		667,141,651,197,454,229,64,37,459	Fix SCR "A+ (Arg)" 	667	7.5	0	7.5	32.93 MESES
Normal	ON VOLKSWAGEN FINANCIAL SERVICES COMPAÑÍA FINANCIERA CLASE 15	VOLKSWAGEN FINANCIAL SERVICES COMPAÑIA FINANCIERA S.A.	VWCGO 	18/06/2026	18/06/2027	Pesos argentinos ($)	Argentina		A3/BYMA	AR0692867408	CLASE 15	20000000000	41493700000	2026-06-12T03:00:00		105,37,141,667,480,229,657	FIX SCR: "A1+(arg)" 	105	3.89	0	3.89	0.91 AÑOS
Normal	ON VOLKSWAGEN FINANCIAL SERVICES COMPAÑÍA FINANCIERA CLASE 16	VOLKSWAGEN FINANCIAL SERVICES COMPAÑIA FINANCIERA S.A.	VWCHO 	18/06/2026	18/03/2027	Pesos argentinos ($)	Argentina		A3/BYMA	AR0892877314	CLASE 16	20000000000	8506300000	2026-06-12T03:00:00		105,37,141,667,480,229,657	FIX SCR: "A1+(arg)" 	105	1.98	0	1.98	0.75 AÑOS
Normal	ON ICBC CLASE 7	ICBC (Argentina) S.A.	ICC7O 	17/06/2026	17/06/2027	Pesos argentinos ($)	Argentina		A3	AR0676479378	CLASE 7	30000000000	80100651775	2026-06-16T03:00:00		38	MOODY?S LOCAL: "ML A-1.ar" 	038	3.25	0	3.25	0.92 AÑOS
Normal	ON COEMISION CLASE XLVIII DE GENERACIÓN MEDITERRANEA - CENTRAL TERMICA ROCA 	GENERACION MEDITERRANEA S.A.	MR48O 	16/06/2026	31/12/2034	Dólares estadounidenses (U$S)	Argentina		A3/BYMA	AR0864141772	CLASE XLVIII	0	0						0	0	0	
Normal	ON COEMISIÓN CLASE XLIX DE GENERACION MEDITERRANEA Y CENTRAL TERMICA ROCA	GENERACION MEDITERRANEA S.A.	MR49 	16/06/2026	31/12/2034	Dólares estadounidenses (U$S)	Argentina		A3/BYMA		CLASE XLIX	0	0						0	0	0	
Normal	ON COEMISION CLASE L DE GENERACION MEDITERRANEA Y CENTRAL TERMICA ROCA	GENERACION MEDITERRANEA S.A.	MR50O 	16/06/2026	30/06/2036	Dólares estadounidenses (U$S)	Argentina		A3/BYMA	AR0973181313	CLASE L	0	0						0	0	0	
Normal	ON MSU GREEN ENERGY CLASE 4	MSU GREEN ENERGY S.A.	EAC4O 	16/06/2026	16/06/2036	Dólares estadounidenses (U$S)	Extranjera		A3/BYMA	USP7000TAA27	CLASE 4	0	0						0	0	0	
Normal	ON CLASE 8 DE EMPRESA DISTRIBUIDORA DE ELECTRICIDAD DE MENDOZA (EDEMSA)	Empresa Distribuidora de Electricidad de Mendoza (EDEMSA)	OZC8O 	11/06/2026	11/06/2033	Dólares estadounidenses (U$S)	Extranjera		A3/BYMA	USP37213AH17	CLASE 8	0	0						0	0	0	
Normal	ON COEMISION CLASE XLVI DE GENERACIÓN MEDITERRANEA -CENTRAL TERMICA ROCA 	GENERACION MEDITERRANEA S.A.	MR46O 	10/06/2026	31/12/2034	Dólares estadounidenses (U$S)	Extranjera		A3/BYMA	USP46214AK12	CLASE XLVI	0	0						0	0	0	
Normal	ON CLASE XLVII COEMISION GENERACION MEDITERRANEA S.A. Y CENTRAL TERMICA ROCA S.A. 	GENERACION MEDITERRANEA S.A.	MR47O 	10/06/2026	30/06/2036	Dólares estadounidenses (U$S)	Extranjera		A3/BYMA	USP46214AM77	CLASE XLVII	0	0						0	0	0	
Normal	ON BANCO BBVA ARGENTINA CLASE 47	BANCO BBVA ARGENTINA S.A.	BF47O 	10/06/2026	10/06/2027	Pesos argentinos ($)	Argentina		A3/BYMA	AR0494121426	CLASE 47	40000000000	161298353596	2026-06-08T03:00:00		105	FIX SCR: "A1+sf(arg)" 	105	3.25	0	3.25	0.91 AÑOS
Normal	ON SERIE XI CLASE A DE RIZOBACTER  ARGENTINA S.A.	RIZOBACTER ARGENTINA S.A.	RZBAO 	09/06/2026	03/09/2029	Dólares estadounidenses (U$S)	Argentina		A3/BYMA	AR0900508240	SERIE XI CLASE A	0	0				FIX SCR "CC Arg)" 		0	0	0	
Normal	ON SERIE XI CLASE B DE RIZOBACTER ARGENTINA S.A. 	RIZOBACTER ARGENTINA S.A.	RZBBO 	09/06/2026	03/09/2029	Dólares estadounidenses (U$S)	Argentina		A3/BYMA	AR0725094301	SERIE XI CLASE B	0	0				Fix SCR "CC (arg)" 		0	0	0	
Normal	ON SERIE XI CLASE C DE RIZOBACTER ARGENTINA S.A.	RIZOBACTER ARGENTINA S.A.	RZBCO 	09/06/2026	03/09/2029	Dólares estadounidenses (U$S)	Argentina		A3/BYMA	AR0336169369	SERIE XI CLASE C	0	0				Fix SCR "CC (Arg)" 		0	0	0	
Normal	ON CLASE XXV DE IRSA INVERSIONES Y RPERESENTACIONES  S.A. bajo programa ON	IRSA INVERSIONES y REPRESENTACIONES SOCIEDAD ANONIMA	IRCQO 	08/06/2026	08/06/2027	Dólares estadounidenses (U$S)	Argentina		A3/BYMA	AR0336616088	CLASE XXV	15000000	50000000	2026-06-04T03:00:00		645,606,141,37,657,697,38,667,678,693,61,694	Fix SCR "A1+(arg)" 	037	3.75	0	3.75	12 MESES
Normal	ON EF JOHN DEERE CREDIT COMPAÑIA FINANCIERA CLASE 20	JOHN DEERE CREDIT COMPAÑIA FINANCIERA S.A.	HJCLO 	08/06/2026	08/12/2028	Dólares estadounidenses (U$S)	Argentina		A3/BYMA	AR0438063809	CLASE 20	40000000	80000000	2026-06-03T03:00:00		141,657,105,693,229,37,667,651,64,480,61	FIX SCR: "AAsf(arg)" 	141	6.5	0	6.5	0.91 AÑOS
Normal	ON CLASE XXXII SERIE I DE BANCO DE GALICIA Y BUENOS AIRES S.A. bajo el régimen de Emisor Frecuente	Banco de Galicia y Buenos Aires S.A.U.	BYY1O 	05/06/2026	05/06/2027	Pesos argentinos ($)	Argentina		A3/BYMA	AR0479493428	SERIE I CLASE XXXII	100000000	156553654957	2026-06-03T03:00:00		37	Fix SCR A1+(arg) 	037	3.25	0	3.25	0.92 AÑOS
Normal	ON EF CLASE XXXII SERIE II de BANCO DE GALICIA Y BUENOS AIRESemitido bajo el régimen de Emisor Frecuente	Banco de Galicia y Buenos Aires S.A.U.	BYY2O 	05/06/2026	05/06/2028	Dólares estadounidenses (U$S)	Argentina		A3/BYMA	AR0040043033	SERIE II CLASE XXXII	100000000	53059085	2026-06-03T03:00:00		37	Fix SCR "AAA (arg)" 	037	4.75	0	4.75	1.93 AÑOS
Normal	ON EF SERIE XXXII CLASE III DE BANCO DE GALICIA Y BUENOS AIRES S.A.	Banco de Galicia y Buenos Aires S.A.U.	BYY3O 	05/06/2026	05/12/2027	Dólares estadounidenses (U$S)	Argentina		A3/BYMA	AR0455473527	SERIE XXXII CLASE III	100000000	36728372	2026-06-03T03:00:00		37	Fix SCR "AAA (arg)" 	037	3	0	3	1.5 AÑOS
Normal	ON BANCO COMAFI CLASE 24	BANCO COMAFI Sociedad Anónima	AFCPO 	05/06/2026	05/06/2028	Dólares estadounidenses (U$S)	Argentina		A3/BYMA	AR0581730287	CLASE 24	20000000	12833373	2026-06-04T03:00:00		44,480,693,689,686	FIX SCR: "AAsf(arg)" 	480	5.25	0	5.25	23.13 MESES
Normal	ON BANCO COMAFI CLASE 25	BANCO COMAFI Sociedad Anónima	AFCQO 	05/06/2026	05/12/2027	Dólares estadounidenses (U$S)	Argentina		A3/BYMA	AR0913132715	CLASE 25	0	0				FIX SCR: "AAsf(arg)" 	480	0	0	0	
Normal	ON ANGEL ESTRADA CLASE 18	ANGEL ESTRADA Y COMPAÑIA S.A.	NLCJO 	29/05/2026	29/05/2027	Pesos argentinos ($)	Argentina		A3/BYMA	AR0790209800	CLASE 18	3000000000	5278473015	2026-05-28T03:00:00		630,693,645,648,R10,657,73	Fix SCR S.A.  y Moody ML A-2.ar 	001	0	0	0	10.29 MESES
Normal	ON TELECOM CLASE 29	TELECOM ARGENTINA S.A.	TLCVO 	29/05/2026	29/05/2027	Dólares estadounidenses (U$S)	Argentina		A3/BYMA	AR0031549709	CLASE 29	20000000	26410490	2026-05-27T03:00:00		141,37,105,38,667,142,606,657,693,648,686,695,681	Moody´s “ML A-1.ar” 	141	0	0	0	0.98 AÑOS
Normal	ON TELECOM CLASE 30	TELECOM ARGENTINA S.A.	TLCWO 	29/05/2026	29/05/2030	Dólares estadounidenses (U$S)	Argentina		A3/BYMA	AR0931859976	CLASE 30	50000000	35149670	2026-05-27T03:00:00		141,37,105,38,667,142,606,657,693,648,686,695,681	Moody´s “AA+.ar”  	141	0	0	0	3.60 AÑOS
Normal	ON BI GAR DEL FABRO HNOS SERIE 1	DEL FABRO HNOS Y CIA S.A.	DFS1L 	29/05/2026	29/05/2029	Dólares estadounidenses (U$S)	Argentina		A3/BYMA	AR0949543638	SERIE 1	3000000	5000000	2026-05-27T03:00:00		480,273,120,37,691,999		273	0	0	0	22.50 MESES
Normal	ON CLASE VI DE MIRGOR SA.C.I.F.I.A.	MIRGOR S.A.C.I.F.I.A.	MIC6O 	28/05/2026	28/05/2028	Dólares estadounidenses (U$S)	Argentina		A3/BYMA	AR0958484906	CLASE VI	20000000	22382970	2026-05-26T03:00:00		64,141,37,105,229,648,695,142,38,678,688,651,693,657	Moody's  A+.ar 	657	0	0	0	1.87 AÑOS
Normal	ON CREDICUOTAS CONSUMO SERIE 20	CREDICUOTAS CONSUMO S.A.(Ex Credishopp S.A.)	DHSLO 	28/05/2026	28/05/2027	Pesos argentinos ($)	Argentina		A3/BYMA	AR0301174246	SERIE 20	0	0				FIX SCR: "A1(arg)" 	691	0	0	0	
Normal	ON CREDICUOTAS CONSUMO SERIE 21	CREDICUOTAS CONSUMO S.A.(Ex Credishopp S.A.)	DHSMO 	28/05/2026	28/05/2027	Dólares estadounidenses (U$S)	Argentina		A3/BYMA	AR0481744826	SERIE 21	0	0				FIX SCR: "A1(arg)" 	691	0	0	0	
Normal	ON SCANIA CREDIT ARGENTINA CLASE 3	SCANIA CREDIT ARGENTINA S.A.U.	SBC3O 	26/05/2026	26/05/2029	Dólares estadounidenses (U$S)	Argentina		A3/BYMA	AR0183143921	CLASE 3	20000000	26971883	2026-05-21T03:00:00		38,141,657,105,659,693,686,37	Fix SCR S.A. “AA(arg)” 	141	0	0	0	1.67 AÑOS
Normal	ON TARJETA NARANJA CLASE LXVII, SERIE I	TARJETA NARANJA S.A.U.	T671O 	22/05/2026	22/05/2027	Pesos argentinos ($)	Argentina		A3/BYMA	AR0053789688	SERIE I CLASE LXVII	100000000	157273293571	2026-05-20T03:00:00		37,229,141,657,667,342	Fix SCR S.A. “A1+ (arg)” 	037	0	0	0	0.91 AÑOS
Normal	 ON TARJETA NARANJA CLASE LXVII, SERIE II	TARJETA NARANJA S.A.U.	T672O 	22/05/2026	22/02/2027	Dólares estadounidenses (U$S)	Argentina		A3/BYMA	AR0409953244	SERIE II CLASE LXVII	100000000	115084281	2026-05-20T03:00:00		37,229,141,657,667,342	Fix SCR S.A.  “A1+ (arg)” 	037	0	0	0	0.75 AÑOS
Normal	 ON TARJETA NARANJA CLASE LXVII, SERIE III	TARJETA NARANJA S.A.U.	T673O 	22/05/2026	22/11/2027	Dólares estadounidenses (U$S)	Argentina		A3/BYMA	AR0765043077	SERIE III CLASE LXVII	100000000	13849604	2026-05-20T03:00:00		37,229,141,657,667,342	Fix SCR S.A.  “AA (arg)” 	037	0	0	0	1.50 AÑOS
Normal	ON ICBC CLASE 6	ICBC (Argentina) S.A.	ICC6O 	22/05/2026	22/05/2027	Dólares estadounidenses (U$S)	Argentina		A3/BYMA	AR0529985522	CLASE 6	25000000	45080301	2026-05-20T03:00:00		38,657,686,689,672	FIX SCR: "A1(arg)" 	038	0	0	0	0.99 MESES
Normal	ON BANCO BBVA ARGENTINA CLASE 46	BANCO BBVA ARGENTINA S.A.	BF46O 	21/05/2026	21/05/2027	Pesos argentinos ($)	Argentina		A3/BYMA	AR0798003882	CLASE 46	40000000000	83914298305	2026-05-18T03:00:00		105,693,657,786,681,686	Fix SCR S.A. “A1+(arg)”  	105	0	0	0	0.91 AÑOS
Normal	ON CLASE 13 DE TECPETROL S.A. emitida bajo Programa Global de ONs	TECPETROL SOCIEDAD ANONIMA	TTCEO 	21/05/2026	21/05/2029	Dólares estadounidenses (U$S)	Argentina		A3/BYMA	AR0121767674	CLASE 13	50000000	100000000	2026-05-19T03:00:00		105,37,141,657,693,61	Fix SCR "AAA (arg)" 	657	0	0	0	2.80 AÑOS
Normal	ON CLASE 5 DE ARCOR S.A.I.C. emitido bajo el régimen de Emisor Frecuente 	ARCOR S.A.I.C.	RCSCO 	21/05/2026	21/05/2029	Dólares estadounidenses (U$S)	Argentina		A3/BYMA		CLASE 5	0	0				Fix SCR "AAA (arg)" 		0	0	0	
Normal	ON CLASE 6 DE ARCOR S.A.I.C.  emitidas bajo el régimen de Emisor Frecuente	ARCOR S.A.I.C.	RC6CO 	21/05/2026	21/08/2027	Pesos argentinos ($)	Argentina		A3/BYMA	AR0322335479	CLASE 6	50000000	69767390000	2026-05-18T03:00:00		37,141,657,229,697,656,693,662,667	Fix SCR "AAA (Arg)" 	037	0	0	0	1.11 AÑOS
Normal	ON BI GAR AUTOMOTORES PAMPEANOS SERIE 1	AUTOMOTORES PAMPEANOS S.A.	APS1L 	20/05/2026	20/05/2028	Dólares estadounidenses (U$S)	Argentina		A3/BYMA	AR0736877488	SERIE 1	3950000	3950000	2026-05-18T03:00:00		630,229,142,667,197,73		001	0	0	0	17.45 meses
Normal	ON MERCADO PAGO CLASE 4	MERCADO PAGO SERVICIOS DE PROCESAMIENTO S.R.L.	SXC4O 	18/05/2026	01/09/2026	Dólares estadounidenses (U$S)	Argentina		A3/BYMA	AR0707719248	CLASE 4	40000000	43995493	2026-05-14T03:00:00		693,105,229,691,37,657,667	Fix SCR S.A.  A1+(arg) y Moody ML A-1.ar  	693	0	0	0	3.48 MESES
Normal	 ON MERCADO PAGO CLASE 5	MERCADO PAGO SERVICIOS DE PROCESAMIENTO S.R.L.	SXC5O  	18/05/2026	18/11/2026	Pesos argentinos ($)	Argentina		A3/BYMA	AR0029606974	CLASE 5	50000000000	42257478512	2026-05-14T03:00:00		693,105,229,37,691,657,667	Fix SCR S.A. A1+(arg) y Moody ML A-1.ar  	693	0	0	0	5.87 MESES
Normal	 ON MERCADO PAGO CLASE 6	MERCADO PAGO SERVICIOS DE PROCESAMIENTO S.R.L.	SXC6O  	18/05/2026	18/05/2027	Pesos argentinos ($)	Argentina		A3/BYMA	AR0856373037	CLASE 6	50000000000	44645850000	2026-05-14T03:00:00		693,105,229,37,657,691,667	Fix SCR S.A. A1+(arg)  y Moody ML A-1.ar  	693	0	0	0	10.96 MESES
Normal	ON BI PYME CNV GARANTIZADAS AGRONORTE SERIE 1	AGRONORTE S.R.L.	ORS1L 	13/05/2026	13/05/2029	Dólares estadounidenses (U$S)	Argentina		A3/BYMA	AR0027580403	SERIE 1	5000000	7500000	2026-05-11T03:00:00		37,273,691,667		037	0	0	0	1.89 AÑOS
Normal	ON NEWSAN CLASE 23	NEWSAN S.A.	WNCOO 	12/05/2026	12/05/2027	Pesos argentinos ($)	Argentina		A3/BYMA	AR0863727001	CLASE 23	10000000000	26468600000	2026-05-08T03:00:00		657,105,480,37,197,606,141,630,681	MOODY'S LOCAL AR "ML A-1.ar" 	037	0	0	0	0.91 AÑOS
Normal	ON PUENTE HNOS CLASE IV	PUENTE HNOS S.A.	PHC4O 	12/05/2026	12/05/2029	Dólares estadounidenses (U$S)	Argentina		A3/BYMA	AR0585258590	CLASE IV	5000000	20394733	2026-05-11T03:00:00		651	Fix SCR S.A. "A+(arg)"  	651	0	0	0	1.9 AÑOS
Normal	ON CLASE III DE PECOM SERVICIOS ENERGIA S.A.U.	PECOM SERVICIOS ENERGIA S.A.U.	MCC3O 	11/05/2026	11/05/2030	Dólares estadounidenses (U$S)	Argentina		A3/BYMA	AR0922852063	CLASE III	50000000	196759808	2026-05-07T03:00:00		657,37,141,648,693,197,630,142,656,691,38,662,665,30,35,686,697	Fix SCR "AA (arg)" 	037	0	0	0	3.54 AÑOS
Normal	 ON FARMCITY CLASE I	FARMCITY S.A	FYC1O 	11/05/2026	11/05/2029	Dólares estadounidenses (U$S)	Argentina		A3/BYMA	AR0766650987	CLASE I	10000000	15000000	2026-05-07T03:00:00		141,37,648,693,686	Moody´s “A+.ar”  	693	0	0	0	32.93 MESES
Normal	ON BANCO BBVA ARGENTINA CLASE 44 	BANCO BBVA ARGENTINA S.A.	BF44O 	08/05/2026	08/05/2028	Dólares estadounidenses (U$S)	Argentina		A3/BYMA	AR0576992660	CLASE 44	40000000	48018887	2026-05-05T03:00:00		105,693,657,786,681,686	Fix SCR S.A. AAA(arg) 	105	0	0	0	1.93 AÑOS
Normal	ON BANCO BBVA ARGENTINA CLASE 45	BANCO BBVA ARGENTINA S.A.	BF45O 	08/05/2026	08/05/2027	Dólares estadounidenses (U$S)	Argentina		A3/BYMA	AR0463317443	CLASE 45	10000000	25072002	2026-05-05T03:00:00		105,693,657,786,681,686	Fix SCR S.A. A1+(arg) 	105	0	0	0	1.0 AÑOS
Normal	ON CLASE 3 DE PROFERTIL S.A. emitida bajo Programa Global de ONs 	PROFERTIL S.A.	PFC3O 	08/05/2026	08/11/2029	Dólares estadounidenses (U$S)	Argentina		A3/BYMA	AR0645095644	CLASE 3	40000000	70000000	2026-05-06T03:00:00		648,693,657,37,197,667,662,697,30,141,229	Fix SCR "AAA (arg)" 	667	0	0	0	3.23 AÑOS
Normal	ON BANCO DE SERVICIOS Y TRANSACCIONES CLASE 28	BANCO DE SERVICIOS Y TRANSACCIONES S.A.	BVCUO 	06/05/2026	06/05/2027	Dólares estadounidenses (U$S)	Argentina		A3/BYMA	AR0332117081	CLASE 28	5000000	8304906	2026-05-05T03:00:00		630,786,229,678,55,693,73,697,670	FIX SCR: "A1(arg)" 	001	0	0	0	11.80 MESES
Normal	 ON BANCO SUPERVIELLE CLASE V	Banco Supervielle S.A.	BPCVO 	05/05/2026	05/05/2027	Dólares estadounidenses (U$S)	Argentina		A3/BYMA	AR0291241559	CLASE V	20000000	20142407	2026-05-04T03:00:00		120,693,786,37,657	Moody´s ML A-1.ar 	120	0	0	0	11.90 MESES
Normal	ON CLASE LII DE CRESUD SACIFyA	CRESUD , Sociedad Anonima, Comercial, Inmobiliaria, Financiera y Agropecuaria	CS52O 	30/04/2026	30/04/2028	Dólares estadounidenses (U$S)	Argentina		A3/BYMA	AR0122431304	CLASE LII	10000000	22998047	2026-04-27T03:00:00		645,606,141,37,657,229,691,35,61,630,678,105,681,693,197,695,73	Fix SCR "AAA (Arg)" 	037	0	0	0	4 AÑOS
Normal	ON CLASE LIII DE CRESUD SAFIyA	CRESUD , Sociedad Anonima, Comercial, Inmobiliaria, Financiera y Agropecuaria	CS53O 	30/04/2026	04/04/2030	Dólares estadounidenses (U$S)	Argentina		A3/BYMA	AR0092809794	CLASE LIII	10000000	22998047	2026-04-27T03:00:00		645,606,141,37,657,229,691,35,61,630,678,105,681,693,197,695,73	Fix SCR "AAA (Arg)" 	037	0	0	0	4 AÑOS
Normal	ON CLASE D DE CENTRAL PUERTO S.A.	CENTRAL PUERTO S.A.	NPCDO 	30/04/2026	30/04/2030	Dólares estadounidenses (U$S)	Argentina		A3/BYMA	AR0670326856	CLASE D	70000000	130120007	2026-04-28T03:00:00		657,37,693,105,141,697,61	Moody’s Local “AAA.ar”  	037	0	0	0	3.62 AÑOS
Normal	ON CLASE 10 DE EMPRESA DISTRIBUIDORA Y COMERCIALIZADORA NORTE S.A.	Empresa Distribuidora y Comercializadora Norte S.A. (EDENOR)	DNCAO 	28/04/2026	28/04/2033	Dólares estadounidenses (U$S)	Argentina		A3/BYMA	USP3710FBA14	CLASE 10	300000000	26661757	2026-04-22T03:00:00		659,657,142,681,667,38,672,695		657	0	0	0	
Normal	 ON BANCO SANTANDER ARGENTINA CLASE XXXI	Banco Santander Río S.A.	BNCXO 	28/04/2026	28/04/2027	Pesos argentinos ($)	Argentina		A3/BYMA	AR0945841937	CLASE XXXI	50000000000	157000000000	2026-04-24T03:00:00		141	Moody´s ML A-1.ar 	141	0	0	0	0.91 AÑOS
Normal	ON HIJOS DE SALVADOR MUÑOZ CLASE 4	HIJOS DE SALVADOR MUÑOZ S.A.	MUC4O 	27/04/2026	27/10/2027	Dólares estadounidenses (U$S)	Argentina		A3/BYMA	AR0136472021	CLASE 4	5000000	10000000	2026-04-23T03:00:00		693,37,40,141	FIX SCR: "Asf(arg)" 	693	0	0	0	17.36 MESES
Normal	ON BANCO COMAFI CLASE 23	BANCO COMAFI Sociedad Anónima	AFCOO 	24/04/2026	24/10/2027	Dólares estadounidenses (U$S)	Argentina		A3/BYMA	AR0639929634	CLASE 23	10000000	13016076	2026-04-22T03:00:00		44,480	FIX SCR: "AAsf(arg)" 	480	0	0	0	17.74 MESES
Normal	ON BANCO DE VALORES SERIE 3	BANCO DE VALORES S.A.	VBC3O 	24/04/2026	24/10/2026	Pesos argentinos ($)	Argentina		A3/BYMA	AR0531585807	SERIE 3	50000000000	90084353132	2026-04-23T03:00:00		632,662	FIX SCR: "A1+(arg)" 	662	0	0	0	0.51 AÑOS
Normal	ON GRUPO ST CLASE 16	GRUPO ST S.A.	STCHO 	21/04/2026	21/01/2027	Pesos argentinos ($)	Argentina		A3/BYMA	AR0209488755	CLASE 16	5000000000	9433842000	2026-04-17T03:00:00		630,73,229,694,786,55,28	Moody´s ML A-1.ar y FIX A1(arg) 	001	0	0	0	8.48 MESES
Normal	ON BANCO COMAFI CLASE 21	BANCO COMAFI Sociedad Anónima	AFCMO 	17/04/2026	17/04/2027	Dólares estadounidenses (U$S)	Seleccione Ley Aplicable		A3/BYMA	AR0771613376	CLASE 21	20000000000	20346573	2026-04-16T03:00:00		480,44,693,686,695,61,37,657,697	FIX SCR: "A1+(arg)" 	480	0	0	0	11.97 MESES
Normal	ON BANCO COMAFI CLASE 22	BANCO COMAFI Sociedad Anónima	AFCNO 	17/04/2026	17/04/2027	Pesos argentinos ($)	Argentina		A3/BYMA	AR0996626666	CLASE 22	20000000000	58439748065	2026-04-16T03:00:00		480,44,693,686,695,61,37,657,697	FIX SCR: "A1+(arg)" 	480	0	0	0	10.98 MESES
Normal	ON EF CLASE XLIII DE YPF S.A. 	YPF S.A.	YM43O 	14/04/2026	14/04/2030	Dólares estadounidenses (U$S)	Argentina		A3/BYMA	AR0156884063	CLASE XLIII	100000000	122146525	2026-04-09T03:00:00		667,657,37,141,105,454,693	Moody’s Local " AAA.ar " 	667	0	0	0	3.65 AÑOS
Normal	ON CLASE XXXI DE VISTA ENERGY ARGENTINA S.A.U.	VISTA ENERGY ARGENTINA S.A.U.	VSCXO 	08/04/2026	09/04/2038	Dólares estadounidenses (U$S)	Extranjera		A3/BYMA	USP9659RAD00	CLASE XXXI	0	0						0	0	0	
Normal	ON CLASE 27 DE PAMPA ENERGIA S.A. emitida bajo el régimen de Emisor Frecuente	PAMPA ENERGIA S.A.	MGCTO 	01/04/2026	01/04/2029	Dólares estadounidenses (U$S)	Argentina		A3/BYMA	AR0145481872	CLASE 27	100000000	200000000	2026-03-30T03:00:00		37,141,61,657,105,697,655,648	FIX SCR "AAA (arg)" 	037	0	0	0	2.81 AÑOS
Normal	VCP UNICRED SERIE 4	COOPERATIVA DE CRÉDITO Y VIVIENDA UNICRED LIMITADA	CVS4V 	20/03/2026	20/03/2027	Pesos argentinos ($)	Argentina		A3/BYMA	AR0688159885	SERIE 4	5000000000	5304966100	2026-03-18T03:00:00		648,693,630,691,61	FIX SCR: "A3(arg)" 	648	0	0	0	8.20 MESES
Normal	ON PYME CNV MERANOL CLASE 37	Meranol S.A.C.I.	MR37P 	17/03/2026	17/06/2027	Dólares estadounidenses (U$S)	Argentina		A3	AR0548838991	CLASE 37	1000000	1074990	2026-03-13T03:00:00		660,693,674	Fix SCR S.A. “A-(arg)” 	660	0	0	0	14.38 MESES
Normal	 ON PYME CNV MERANOL CLASE 38	Meranol S.A.C.I.	MR38P 	17/03/2026	17/06/2027	Dólares estadounidenses (U$S)	Argentina		A3	AR0387988725	CLASE 38	1000000	350000	2026-03-13T03:00:00		660,693,674	Fix SCR S.A. “A-(arg)” 	660	0	0	0	14.48 MESES
Normal	ON PYME CNV MERANOL CLASE 39	Meranol S.A.C.I.	MR39P 	17/03/2026	17/03/2027	Pesos argentinos ($)	Argentina		A3	AR0069690243	CLASE 39	1000000	900000000	2026-03-13T03:00:00		660,693,674	Fix SCR S.A. “A2(arg)” 	660	0	0	0	10.54 MESES
Normal	ON ICBC CLASE 5	ICBC (Argentina) S.A.	ICC5O 	11/03/2026	11/03/2027	Pesos argentinos ($)	Argentina		A3/BYMA	AR0092791067	CLASE 5	30000000000	68543835100	2026-03-09T03:00:00		38	FIX SCR: "A1+(arg)" 	038	0	0	0	0.88 AÑOS
Normal	ON SUBORDINADAS BANCO DEL SOL CLASE 1	BANCO DEL SOL S.A.	BJC1O 	11/03/2026	11/03/2032	UVA	Argentina		A3/BYMA	AR0898847758	CLASE 1	10000000000	5493359	2026-03-06T03:00:00		783,693	FIX SCR: "A-(arg)" 	783	0	0	0	68.62 MESES
Normal	ON CLASE 40 DE COMPAÑIA GENERAL DE COMBUSTIBLE Emitida bajo el régimen de Emisor Frecuente	COMPAÑIA GENERAL DE COMBUSTIBLES S.A.	CP40O 	09/03/2026	09/03/2028	Dólares estadounidenses (U$S)	Argentina		A3/BYMA	AR0360181769	CLASE 40	20000000	55197497	2026-03-05T03:00:00		141,37,38,667,693,672,606,645,657,45,681,142,662,197,229,273	FIX SCR "AA-(Arg)" 	693	0	0	0	1.85 AÑOS
Normal	ON CLASE 28 DE TELECOM ARGENTINA S.A.	TELECOM ARGENTINA S.A.	TLCUO 	05/03/2026	05/03/2029	Dólares estadounidenses (U$S)	Argentina		A3/BYMA	AR0857544677	CLASE 28	50000000	81329886	2026-03-03T03:00:00		141,105,667,657,38,695,35,693,37,686,697,681,648,651	FIX SCR "AA+(arg)" 	141	0	0	0	2.78 AÑOS
Normal	ON BANCO BBVA ARGENTINA CLASE 41	BANCO BBVA ARGENTINA S.A.	BF41O 	04/03/2026	04/03/2027	Pesos argentinos ($)	Argentina		A3/BYMA	AR0275916358	CLASE 41	20000000000	45457222222	2026-03-02T03:00:00		105	Fix SCR S.A. “A1+(arg)” 	105	0	0	0	0.89 AÑOS
Normal	ON CLASE 4 DE PLAZA LOGISTICA SRL , emitida bajo el régimen de Emisor Frecuente	PLAZA LOGISTICA SRL	PZC4O 	04/03/2026	04/03/2029	UVA	Argentina		A3/BYMA	ARPLAZ560045	CLASE 4	0	0				Fix SCR  “AA (arg)”  		0	0	0	
Normal	ON PLUSPETROL CLASE 6	PLUSPETROL S.A.	PLC6O 	27/02/2026	27/02/2029	Dólares estadounidenses (U$S)	Argentina		A3/BYMA	AR0559091100	CLASE 6	100000000	167492889	2026-02-25T03:00:00		141,37,657,695,229,697,38,480,693,672,667,197,35,691,105,686	Fix SCR S.A. “AAA(arg)” 	037	0	0	0	2.79 AÑOS
Normal	ON BANCO BBVA ARGENTINA CLASE 40	BANCO BBVA ARGENTINA S.A.	BF40O 	27/02/2026	27/08/2027	Dólares estadounidenses (U$S)	Argentina		A3/BYMA	AR0078136758	CLASE 40	20000000	36503161	2026-02-24T03:00:00		105	FIX SCR: "AAA(arg)" 	105	0	0	0	1.46 AÑOS
Finalizado	ON PSA FINANCE ARGENTINA SERIE 37	PSA FINANCE ARGENTINA Compañía Financiera S.A.	PS37O 	26/02/2026	26/05/2026	Pesos argentinos ($)	Argentina		A3/BYMA	AR0968317005	SERIE 37	30000000000	19884375000	2026-02-24T03:00:00		105,141,229,630,667,37	FIX SCR: "AA(arg)" 	105	0	0	0	0.96 AÑOS
Normal	ON PSA FINANCE ARGENTINA SERIE 38	PSA FINANCE ARGENTINA Compañía Financiera S.A.	PS38O 	26/02/2026	26/03/2027	Pesos argentinos ($)	Argentina		A3/BYMA	AR0581480081	SERIE 38	30000000000	4724444444	2026-02-24T03:00:00		105,141,229,630,667,37	FIX SCR: "AA(arg)" 	105	0	0	0	1.08 AÑOS
Normal	ON LUZ DE TRES PICOS CLASE 5	LUZ DE TRES PICOS S.A.	LUC5O 	26/02/2026	26/02/2029	Dólares estadounidenses (U$S)	Argentina		A3/BYMA	AR0305664218	CLASE 5	30000000	49624241	2026-02-24T03:00:00		37,657,141,30,38,693,686,656,645,229,606,691	FIX SCR: "AAsf(arg)" 	037	0	0	0	2.73 AÑOS
Normal	ON ARCOR CLASE 4	ARCOR S.A.I.C.	RC4CO 	25/02/2026	25/02/2027	Pesos argentinos ($)	Argentina		A3/BYMA	AR0328747875	CLASE 4	40000000000	79070450614	2026-02-23T03:00:00		37,141,656,657,697,667,28,105,229,197,630	Moody´s "ML A-1ar" 	037	0	0	0	0.88 AÑOS
Normal	ON FCA CIA FINANCIERA CLASE XXII, SERIE I	FCA Compañia Financiera S.A. (ex Fiat Credito Compañia Financiera S.A.)	FTN1O 	24/02/2026	24/02/2028	UVA	Argentina		A3/BYMA	AR0436510025	SERIE I CLASE XXII	30000000000	7350771	2026-02-20T03:00:00		105,37,667,229,141,693	Fix SCR S.A. “AA(ARG)” 	037	0	0	0	1.62 AÑOS
Normal	ON FCA CIA FINANCIERA CLASE XXII, SERIE II	FCA Compañia Financiera S.A. (ex Fiat Credito Compañia Financiera S.A.)	FTN2O 	24/02/2026	24/11/2026	Pesos argentinos ($)	Argentina		A3/BYMA	AR0558112105	SERIE II CLASE XXII	30000000000	7900000000	2026-02-20T03:00:00		105,37,667,229,141,693	Fix SCR S.A. “A1+(ARG)” 	037	0	0	0	0.74 AÑOS
Normal	ON FCA CIA FINANCIERA CLASE XXII, SERIE III	FCA Compañia Financiera S.A. (ex Fiat Credito Compañia Financiera S.A.)	FTN3O 	24/02/2026	24/02/2027	Pesos argentinos ($)	Argentina		A3/BYMA	AR0937734157	SERIE III CLASE XXII	30000000000	8727586204	2026-02-20T03:00:00		105,37	Fix SCR S.A. “AA(ARG)” 	037	0	0	0	0.88 AÑOS
Normal	ON MERCADO PAGO CLASE 3	MERCADO PAGO SERVICIOS DE PROCESAMIENTO S.R.L.	SXC3O 	23/02/2026	23/02/2027	Pesos argentinos ($)	Argentina		A3/BYMA	AR0844003837	CLASE 3	50000000000	61241075513	2026-02-19T03:00:00		105,229,691,667,37	FIX SCR: "A1+(arg)" 	691	0	0	0	10.58 MESES
Normal	ON-OLEODUCTOS DEL VALLE CLASE 7	OLEODUCTOS DEL VALLE S.A.	OLC7O 	23/02/2026	23/02/2030	Dólares estadounidenses (U$S)	Argentina		A3/BYMA	AR0888142434	CLASE 7	50000000	110000000	2026-02-19T03:00:00		657,667,37,141,662,38,229,693,648,697,691	FIX SCR: "AAAsf(arg)" 	667	0	0	0	3.57 AÑOS
Normal	ON BANCO HIPOTECARIO CLASE 13	Banco Hipotecario S.A.	HBCEO  	23/02/2026	23/02/2027	Pesos argentinos ($)	Argentina		A3/BYMA	AR0258941928	CLASE 13	50000000000	25388592852	2026-02-19T03:00:00		606,645,61,693,657,656,229,689	Fix SCR S.A. “A1+(arg)” 	606	0	0	0	10.56 meses
Normal	ON BANCO HIPOTECARIO CLASE 14	Banco Hipotecario S.A.	HBCFO  	23/02/2026	23/02/2027	Dólares estadounidenses (U$S)	Argentina		A3/BYMA	AR0325357397	CLASE 14	50000000000	28717734	2026-02-19T03:00:00		606,645,61,693,657,656,229,689	Fix SCR S.A. “A1+(arg)” 	606	0	0	0	11.85 MESES
Normal	ON CLASE 1 DE MINAS ARGENTINAS S.A. 	MINAS ARGENTINAS S.A.	MJC1O 	19/02/2026	19/02/2027	Dólares estadounidenses (U$S)	Argentina		A3/BYMA	AR0207947562	CLASE 1	12000000	3605071	2026-02-12T03:00:00		657,6	Fix SCR "A-1 (arg) 	657	0	0	0	11.78 MESES
Normal	ON GRUPO ST CLASE 14	GRUPO ST S.A.	STCFO 	18/02/2026	18/02/2027	Dólares estadounidenses (U$S)	Argentina		A3/BYMA	AR0633927196	CLASE 14	5000000	11783694	2026-02-12T03:00:00		630,73,R10,229,694,55,786,40,28,651	FIX SCR: "A1(arg)" 	001	0	0	0	11.64 MESES
Normal	ON GRUPO ST CLASE 15	GRUPO ST S.A.	STCGO 	18/02/2026	18/02/2027	Pesos argentinos ($)	Argentina		A3/BYMA	AR0851033560	CLASE 15	5000000	9408800000	2026-02-12T03:00:00		630,73,R10,229,694,55,786,40,28,651	FIX SCR: "A1(arg)" 	001	0	0	0	10.55 MESES
Normal	ON CLASE 11 DE CNH INDUSTRIAL CAPITAL ARGENTINA S.A. bajo régimen de Emisor Frecuente	CNH INDUSTRIAL CAPITAL ARGENTINA S.A.	CICBO 	09/02/2026	09/02/2029	Dólares estadounidenses (U$S)	Argentina		A3/BYMA	AR0416016134	CLASE 11	30000000	46506336	2026-02-05T03:00:00		37,693,657,141,656,28	FIX SCR "AA (arg)" 	037	0	0	0	2.74 AÑOS
Normal	ON MSU ENERGY CLASE 13	MSU ENERGY S.A.	RUCEO 	09/02/2026	09/08/2027	Dólares estadounidenses (U$S)	Argentina		A3/BYMA	AR0207865277	CLASE 13	55500000	59743617	2026-02-04T03:00:00		37,141,657,786,645,606,632,655,197,38,120,686,651,659,105	FIX SCR: "AA-(arg)" 	037	0	0	0	1.52 AÑOS
Normal	ON BANCO COMAFI CLASE 18	BANCO COMAFI Sociedad Anónima	AFCJO 	06/02/2026	06/02/2027	Dólares estadounidenses (U$S)	Argentina		A3/BYMA	AR0089654062	CLASE 18	20000000	39996813	2026-02-04T03:00:00		44,693,657,697,61,480,695	FIX SCR: "A1+(arg)" 	480	0	0	0	11.99 MESES
Normal	ON BANCO COMAFI CLASE 19	BANCO COMAFI Sociedad Anónima	AFCKO 	06/02/2026	06/02/2029	Dólares estadounidenses (U$S)	Argentina		A3/BYMA	AR0500799496	CLASE 19	20000000	7035509	2026-02-04T03:00:00		480,44,657,693,697,61,695	FIX SCR: "AAsf(arg)" 	480	0	0	0	33.12 MESES
Normal	ON BANCO COMAFI CLASE 20	BANCO COMAFI Sociedad Anónima	AFCLO 	06/02/2026	06/08/2027	Dólares estadounidenses (U$S)	Argentina		A3/BYMA	AR0754966056	CLASE 20	20000000	30544114	2026-02-04T03:00:00		480,44,657,693,697,61,695	FIX SCR: "AAsf(arg)" 	480	0	0	0	17.50 MESES
Normal	ON TOYOTA CIA FIN CLASE 37	TOYOTA Compañía Financiera de Argentina S.A.	TY37O 	06/02/2026	06/11/2027	Pesos argentinos ($)	Argentina		A3/BYMA	AR0889128986	CLASE 37	15000000000	8894871796	2026-02-04T03:00:00		480,37,105,229	FIX SCR: "AA+(arg)" 	480	0	0	0	1.21 AÑOS
Normal	ON TOYOTA CIA FIN CLASE 38	TOYOTA Compañía Financiera de Argentina S.A.	TY38O 	06/02/2026	06/03/2027	Pesos argentinos ($)	Argentina		A3/BYMA	AR0076726451	CLASE 38	15000000000	6105128204	2026-02-06T03:00:00		480,37,105,229	FIX SCR: "AA+(arg)" 	480	0	0	0	1.08 AÑOS
Normal	ON CREDICUOTAS CONSUMO SERIE 19	CREDICUOTAS CONSUMO S.A.(Ex Credishopp S.A.)	DHSKO 	05/02/2026	05/10/2026	Dólares estadounidenses (U$S)	Argentina		A3/BYMA	AR0833103176	SERIE 19	15000000	23646877	2026-02-03T03:00:00		691	FIX SCR: "A1(arg)" 	001	0	0	0	8 MESES
Normal	ON CLASE IX DE CROWN POINT ENERGIA S.A. 	CROWN POINT ENERGIA S.A.	CWC9O 	30/01/2026	30/01/2029	Dólares estadounidenses (U$S)	Argentina		A3/BYMA	AR0764757453	CLASE IX	15000000	30000000	2026-01-28T03:00:00		630,73,674	Fix SCR "A-(arg)" 	001	0	0	0	20.41 MESES
Normal	ON CLASE IV DE MIRGOR S.A.C.I.F.I.A.	MIRGOR S.A.C.I.F.I.A.	MIC4O 	29/01/2026	29/07/2027	Dólares estadounidenses (U$S)	Argentina		A3/MAV	AR0262817601	CLASE IV	10000000	26497257	2026-01-28T03:00:00		141,64,37,105,229,648,657,695,142,38	Moody's "A+.ar" 	657	0	0	0	
Normal	ON OILTANKING EBYTEM SERIE 6	OILTANKING EBYTEM S.A.	OTS6O 	29/01/2026	29/07/2029	Dólares estadounidenses (U$S)	Argentina		A3/BYMA	AR0110435994	SERIE 6	30000000	50000000	2026-01-27T03:00:00		37,141,657,648,693,697,670,197,686,229,120,786,656,691,480,632	Moody´s  “AAA.ar” 	037	0	0	0	3.16 AÑOS
Normal	ON CLASE H DE BANCO MACRO S.A. 	BANCO MACRO S.A.	BACHO 	28/01/2026	28/01/2031	Dólares estadounidenses (U$S)	Extranjera		A3/BYMA	USP1047VAN75	CLASE H	0	0						0	0	0	
Normal	ON CLASE 6 DE LOMA NEGRA C.I.A.S.A.	LOMA NEGRA Compañía Industrial Argentina Sociedad Anónima	LOC6O 	23/01/2026	23/01/2029	Dólares estadounidenses (U$S)	Argentina		A3/BYMA	AR0204516451	CLASE 6	40000000	60000000	2026-01-20T03:00:00		37,657,141,38,30,693,667,61,695,786,120,659	Fix SCR AAA(arg)  	037	0	0	0	2.78 AÑOS
Normal	ON SERIE XXXV CLASE LI DE CRESUD SACIFyA	CRESUD , Sociedad Anonima, Comercial, Inmobiliaria, Financiera y Agropecuaria	CS51O 	20/01/2026	20/01/2027	Dólares estadounidenses (U$S)	Argentina		A3/BYMA	AR0452589218	SERIE XXXV CLASE LI	5000000	46778518	2026-01-14T03:00:00		38,645,606,141,657,37,229,697,35,61,49,197,656,691,678,667,651,695,630,105,73	Fix SCR "AAA (arg)" 	037	0	0	0	1 AÑO
Normal	ON SERIE IV CLASE A DE FUTUROS Y OPCIONES.COM S.A.	FUTUROS Y OPCIONES.COM S.A.	FO4AO 	20/01/2026	20/07/2027	Dólares estadounidenses (U$S)	Argentina		A3/BYMA	AR0854004584	SERIE IV CLASE A	10000000	20921198	2026-01-15T03:00:00		645,691,37,141,49,678,688,786,R22,105,606,229,40	Fix SCR "AA- (Arg)" 	645	0	0	0	1.43 AÑOS
Normal	ON SERIE IV CLASE B DE FUTUROS Y OPCIONES.COM S.A. 	FUTUROS Y OPCIONES.COM S.A.	FO4BO 	20/01/2026	20/01/2027	Dólares estadounidenses (U$S)	Argentina		A3/BYMA	AR0355002822	SERIE IV CLASE B	10000000	7068226	2026-01-15T03:00:00		645,691,37,141,49,678,688,786,R22,105,606,229,40	Fix SCR "A1+ (arg)" 	645	0	0	0	0.98 AÑOS
Normal	ON CLASE 27 DE TELECOM ARGENTINA S.A.	TELECOM ARGENTINA S.A.	TLCTO 	20/01/2026	20/01/2036	Dólares estadounidenses (U$S)	Argentina		A3/BYMA	USP9028NCE96	CLASE 27	0	0						0	0	0	
Normal	ON EF-JOHN DEERE CREDIT COMPAÑIA FINANCIERA CLASE 19	JOHN DEERE CREDIT COMPAÑIA FINANCIERA S.A.	HJCKO 	16/01/2026	16/01/2029	Dólares estadounidenses (U$S)	Argentina		A3/BYMA	AR0021407595	CLASE 19	60000000	80000000	2026-01-13T03:00:00		37,657,141,105,651,667,480,229,693,64	FIX SCR: "AA(arg)" 	141	0	0	0	
Normal	ON SAN MIGUEL SERIE 13 CLASE A	SOCIEDAD ANONIMA SAN MIGUEL AGICI y F	SNEAO 	16/01/2026	14/07/2029	Dólares estadounidenses (U$S)	Extranjera		A3/BYMA	AR0077785621	SERIE 13 CLASE A	0	0						0	0	0	
Normal	 ON SCANIA CREDIT ARGENTINA CLASE 2	SCANIA CREDIT ARGENTINA S.A.U.	SBC2O 	16/01/2026	16/01/2029	Dólares estadounidenses (U$S)	Argentina		A3/BYMA	AR0318379242	CLASE 2	20000000	40979825			141,38,657,105,37,686,659,693	Fix SCR S.A.  AA(arg) 	141	0	0	0	
Normal	ON EF PAN AMERICAN ENERGY CLASE 43	PAN AMERICAN ENERGY SL Sucursal Argentina	PN43O 	15/01/2026	15/01/2037	Dólares estadounidenses (U$S)	Extranjera		A3/BYMA	USE7S78BAD49	CLASE 43	0	0						0	0	0	
Normal	ON BANCO DE SERVICIOS Y TRANSACCIONES CLASE 26	BANCO DE SERVICIOS Y TRANSACCIONES S.A.	BVCRO 	15/01/2026	15/01/2027	Dólares estadounidenses (U$S)	Argentina		A3/BYMA	AR0909465723	CLASE 26	5000000	10891553	2026-01-13T03:00:00		630,786,73,651,229,55,694,656,697,693,R10	FIX SCR: "A1(arg)" 	001	0	0	0	11,69 MESES
Normal	ON BANCO DE SERVICIOS Y TRANSACCIONES CLASE 27	BANCO DE SERVICIOS Y TRANSACCIONES S.A.	BVCTO 	15/01/2026	15/01/2027	Pesos argentinos ($)	Argentina		A3/BYMA	AR0089016353	CLASE 27	5000000	10239990000	2026-01-13T03:00:00		630,786,73,651,229,55,694,656,697,R10,693	FIX SCR: "A1(arg)" 	001	0	0	0	10,54 MESES
Normal	ON SAN MIGUEL SERIE 13 CLASE B	SOCIEDAD ANONIMA SAN MIGUEL AGICI y F	SNEBO 	14/01/2026	14/07/2029	Dólares estadounidenses (U$S)	Extranjera		A3/BYMA	AR0295506908	SERIE 13 CLASE B	0	0						0	0	0	
Normal	ON EF-CLASE 39 DE COMPAÑIA GENERAL DE COMBUSTIBLES S.A.  bajo el régimen de Emisor Frecuente	COMPAÑIA GENERAL DE COMBUSTIBLES S.A.	CP39O 	29/12/2025	29/03/2027	Dólares estadounidenses (U$S)	Argentina		A3/BYMA	AR0100497988	CLASE 39	0	0				Moody’s A.ar  	037	0	0	0	
Normal	ON BI PYME GARANTIZADA MATERIA SERIE 1	MATERIA HERMANOS S.A.C.I.F.	MKS1L 	22/12/2025	22/12/2027	Pesos argentinos ($)	Argentina		A3/BYMA	AR0052760664	SERIE 1	0	0					120	0	0	0	
Normal	ON EF CLASE XXXI DE BANCO DE GALICIA Y BUENOS AIRES S.A. emitidas bajo el régimen de Emisor Frecuente	Banco de Galicia y Buenos Aires S.A.U.	BYCXO 	22/12/2025	30/12/2026	Dólares estadounidenses (U$S)	Argentina		A3/BYMA	AR0185542955	CLASE XXXI	0	0				Moody?s Local "A-1.ar" 	037	0	0	0	
Finalizado	ON CREDITO DIRECTO CLASE 30	CREDITO DIRECTO S.A.	CXCWO 	22/12/2025	22/06/2026	Pesos argentinos ($)	Argentina		A3/BYMA	AR0327766215	CLASE 30	0	0				FIX SCR: "A2(arg)" 	001	0	0	0	
Normal	ON PSA FINANCE ARGENTINA SERIE 34	PSA FINANCE ARGENTINA Compañía Financiera S.A.	PS34O 	19/12/2025	19/12/2027	UVA	Argentina		A3/BYMA	AR0667383571	SERIE 34	0	0				FIX SCR: "AA(arg)" 	001	0	0	0	
Normal	ON PSA FINANCE ARGENTINA SERIE 35	PSA FINANCE ARGENTINA Compañía Financiera S.A.	PS35O 	19/12/2025	19/12/2026	Pesos argentinos ($)	Argentina		A3/BYMA	AR0517433808	SERIE 35	0	0				FIX SCR: "A1+(arg)" 	001	0	0	0	
Normal	ON PSA FINANCE ARGENTINA SERIE 36	PSA FINANCE ARGENTINA Compañía Financiera S.A.	PS36O 	19/12/2025	19/09/2026	Pesos argentinos ($)	Argentina		A3/BYMA	AR0863684780	SERIE 36	0	0				FIX SCR: "A1+(arg)" 	001	0	0	0	
Normal	ON SVS PYME CNV GARANTIZADA ASOCIACION CIVIL SUMATORIA CLASE 8	ASOCIACIÓN CIVIL SUMATORIA PARA UNA NUEVA ECONOMÍA	ENC8P 	19/12/2025	19/12/2027	Pesos argentinos ($)	Argentina		A3/BYMA	AR0366348289	CLASE 8	0	0					480	0	0	0	
Normal	ON CLASE 7 DE EMPRESA DISTRIBUIDORA DE ELECTRICIDAD DE MENDOZA S.A.  emitida bajo Programa ON 	Empresa Distribuidora de Electricidad de Mendoza (EDEMSA)	OZC7O 	18/12/2025	29/11/2027	Pesos argentinos ($)	Argentina		A3/BYMA	AR0275664305	CLASE 7	0	0				Fix SCR "A1.arg" 	659	0	0	0	
Normal	VCP-UNICRED SERIE 3	COOPERATIVA DE CRÉDITO Y VIVIENDA UNICRED LIMITADA	CVS3V 	18/12/2025	18/12/2026	Pesos argentinos ($)	Argentina		A3/BYMA	AR0123075191	SERIE 3	0	0				FIX SCR: "A3(arg)" 	648	0	0	0	
Normal	ON ROMBO CIA FINANCIERA SERIE 64	ROMBO COMPAÑIA FINANCIERA S.A.	RB64O 	17/12/2025	17/12/2026	Pesos argentinos ($)	Argentina		A3/BYMA	AR0124440964	SERIE 64	0	0				Moody’s Local AR: “ML A-1” 	WB0	0	0	0	
Normal	ON ROMBO CIA FINANCIERA SERIE 65	ROMBO COMPAÑIA FINANCIERA S.A.	RB65O 	17/12/2025	17/12/2026	Pesos argentinos ($)	Argentina		A3/BYMA	AR0910275855	SERIE 65	0	0				FIX SCR: "A1(arg)" 	WB0	0	0	0	
Normal	ON ROMBO CIA FINANCIERA SERIE 66	ROMBO COMPAÑIA FINANCIERA S.A.	RB66O 	17/12/2025	17/12/2027	UVA	Argentina		A3/BYMA	AR0006343054	SERIE 66	0	0				FIX SCR: "AA(arg)" 	WB0	0	0	0	
Normal	ON CLASE 3 DE ARCOR S.A.I.C. emitidas bajo el régimen de Emisor Frecuente	ARCOR S.A.I.C.	RC3CO 	15/12/2025	15/12/2026	Pesos argentinos ($)	Argentina		A3/BYMA	AR0417951990	CLASE 3	0	0				Fix SCR "A1+(arg)" 	WM7	0	0	0	
Normal	ON EF CLASE XXIII DE YPF ENERGIA ELECTRICA S.A. emitida bajo el régimen de Emisor Frecuente	YPF ENERGIA ELECTRICA S.A.	YFCOO 	15/12/2025	15/12/2028	Dólares estadounidenses (U$S)	Argentina		A3/BYMA	AR0594130012	CLASE XXIII	0	0				Moody’s Local Argentina asignó “ML A-1.ar” 	WD9	0	0	0	
Normal	ON CFN SERIE 9	CFN S.A.	CFS9O 	12/12/2025	12/12/2026	Pesos argentinos ($)	Argentina		A3/BYMA	AR0960369202	SERIE 9	0	0				FIX SCR: "A1(arg)" 	WZ5	0	0	0	
Normal	ON VOLKSWAGEN FINANCIAL SERVICES COMPAÑÍA FINANCIERA CLASE 12	VOLKSWAGEN FINANCIAL SERVICES COMPAÑIA FINANCIERA S.A.	VWCDO 	11/12/2025	11/12/2026	Pesos argentinos ($)	Argentina		A3/BYMA	AR0040916600	CLASE 12	0	0				FIX SCR: "A1+(arg)" 	WD4	0	0	0	
Normal	ON VOLKSWAGEN FINANCIAL SERVICES COMPAÑÍA FINANCIERA CLASE 13	VOLKSWAGEN FINANCIAL SERVICES COMPAÑIA FINANCIERA S.A.	VWCEO 	11/12/2025	11/09/2026	Pesos argentinos ($)	Argentina		A3/BYMA	AR0478692087	CLASE 13	0	0				FIX SCR: "A1+(arg)" 	WD4	0	0	0	
Normal	ON VOLKSWAGEN FINANCIAL SERVICES COMPAÑÍA FINANCIERA CLASE 14	VOLKSWAGEN FINANCIAL SERVICES COMPAÑIA FINANCIERA S.A.	VWCFO 	11/12/2025	11/12/2027	UVA	Argentina		A3/BYMA	AR0280206019	CLASE 14	0	0				FIX SCR: "AA(arg)" 	WD4	0	0	0	
Normal	ON SERIE XXXIV CLASE L DE CRESUD  SACIFyA y	CRESUD , Sociedad Anonima, Comercial, Inmobiliaria, Financiera y Agropecuaria	CS50O 	10/12/2025	10/03/2029	Dólares estadounidenses (U$S)	Argentina		A3/BYMA	AR0394353335	SERIE XXXIV CLASE L	0	0				Fix SCR "AAA (arg)" 	037	0	0	0	
Normal	ON SERIE VII CLASE A DE LABORATORIOS RICHMOND bajo Programa de ONs	LABORATORIOS RICHMOND S.A.C.I.F.	LR7AO 	10/12/2025	10/12/2026	Pesos argentinos ($)	Argentina		A3/BYMA	AR0905777444	SERIE VII CLASE A	0	0				Fix SCR "A2 (arg)" 	001	0	0	0	
Normal	ON SERIE VII CLASE B DE LABORATORIOS RICHMOND S.A.C.I y F. 	LABORATORIOS RICHMOND S.A.C.I.F.	LR7BO 	10/12/2025	10/12/2026	Dólares estadounidenses (U$S)	Argentina		A3/BYMA	AR0025550911	SERIE VII CLASE B	0	0				Fix SCR "A2 (Arg)" 	001	0	0	0	
Normal	ON NUEVO BANCO DE CHACO CLASE 1	NUEVO BANCO DEL CHACO S.A.	NHC1O 	06/12/2025	09/12/2026	Pesos argentinos ($)	Argentina		A3/BYMA	AR0049886879	CLASE 1	0	0				FIX SCR: "A2(arg)" 	642	0	0	0	
Normal	ON CLASE 39 DE BANCO BBVA ARGENTINA S.A. 	BANCO BBVA ARGENTINA S.A.	BF39O 	05/12/2025	05/12/2026	Dólares estadounidenses (U$S)	Argentina		A3/BYMA	AR0914780439	CLASE 39	0	0				Fix SCR A1+(arg) 	105	0	0	0	
Normal	ON CLASE 6 DE OLEODUCTOS DEL VALLE	OLEODUCTOS DEL VALLE S.A.	OLC6O 	05/12/2025	05/06/2029	Dólares estadounidenses (U$S)	Argentina		A3/BYMA	AR0828163235	CLASE 6	0	0				Fix SCR “AAA (arg)” 	667	0	0	0	
Normal	ON CLASE U DE BANCO SUPERVIELLE S.A.	Banco Supervielle S.A.	BPCUO 	04/12/2025	04/12/2026	Dólares estadounidenses (U$S)	Argentina		A3/BYMA	AR0334891071	CLASE U	0	0				Moody’s Local “A-1.arg” 	120	0	0	0	
Normal	ON CLASE XII DE CAPEX S.A.	CAPEX S.A.	CACDO 	04/12/2025	04/06/2029	Dólares estadounidenses (U$S)	Argentina		A3/BYMA	AR0629138345	CLASE XII	0	0				FIX SCR "AA (arg)" 	037	0	0	0	
Normal	ON EF CNH INDUSTRIAL CLASE 10	CNH INDUSTRIAL CAPITAL ARGENTINA S.A.	CICAO 	03/12/2025	03/06/2028	Dólares estadounidenses (U$S)	Argentina		A3/BYMA	AR0027069092	CLASE 10	0	0				FIX SCR: "AAsf(arg)" 	037	0	0	0	
Normal	ON SVS-GENNEIA CLASE XLIX	GENNEIA S.A. (EX EMGASUD S.A.)	GN49O 	02/12/2025	02/12/2033	Dólares estadounidenses (U$S)	Extranjera		A3/BYMA	USP46756BQ76	CLASE XLIX	0	0						0	0	0	
Normal	ON EF-CLASE XLII DE YPF S.A. emitido bajo el régimen de Emisor Frecuente	YPF S.A.	YM42O 	02/12/2025	02/03/2029	Dólares estadounidenses (U$S)	Argentina		A3/BYMA	AR0123407162	CLASE XLII	0	0				Fix SCR  “AAA (arg)” y Moody’s Local  AAA.ar 	667	0	0	0	
Normal	ON EF-COMPAÑÍA GENERAL DE COMBUSTIBLES CLASE 38	COMPAÑIA GENERAL DE COMBUSTIBLES S.A.	CP38O 	28/11/2025	28/11/2030	Dólares estadounidenses (U$S)	Extranjera		A3/BYMA	USP3063DAC67	CLASE 38	0	0						0	0	0	
Normal	ON ICBC CLASE 4	ICBC (Argentina) S.A.	ICC4O 	28/11/2025	28/11/2026	Pesos argentinos ($)	Argentina		A3/BYMA	AR0245082422	CLASE 4	0	0				FIX SCR: "A1+(arg)" 	038	0	0	0	
Normal	ON EF-CLASE LXVI SERIE 1 DE TARJETA NARANJA S.A. bajo el régimen de Emisor Frecuente	TARJETA NARANJA S.A.U.	T661O 	26/11/2025	26/11/2026	Pesos argentinos ($)	Argentina		A3/BYMA	AR0771688576	SERIE 1 CLASE LXVI	0	0				Fix SCR "A1+ (arg)" 		0	0	0	
Normal	ON EF-CLASE LXVI SERIE 2 DE TARJETA NARANJA S.A. bajo el régimen de Emisor Frecuente	TARJETA NARANJA S.A.U.	T662O 	26/11/2025	31/08/2026	Dólares estadounidenses (U$S)	Argentina		A3/BYMA	AR0124318731	SERIE 2 CLASE LXVI	0	0				FIX SCR "A1+ (Arg)" 		0	0	0	
Normal	ON TRANSPORTADORA DE GAS DEL SUR CLASE 4	TRANSPORTADORA DE GAS DEL SUR S.A. (TGS)	TSC4O 	20/11/2025	20/11/2035	Dólares estadounidenses (U$S)	Extranjera		A3/BYMA	USP9308RBB89	CLASE 4	0	0						0	0	0	
Normal	ON BANCO BBVA ARGENTINA CLASE 38	BANCO BBVA ARGENTINA S.A.	BF38O 	20/11/2025	20/11/2026	Pesos argentinos ($)	Argentina		A3/BYMA	AR0821226211	CLASE 38	0	0				Fix SCR S.A.  “A1+(arg)” 		0	0	0	
Normal	ON CREDICUOTAS CONSUMO SERIE 17	CREDICUOTAS CONSUMO S.A.(Ex Credishopp S.A.)	DHSIO 	20/11/2025	20/11/2026	Pesos argentinos ($)	Argentina		A3/BYMA	AR0970095474	SERIE 17	0	0				FIX SCR: "A1(arg)" 		0	0	0	
Normal	ON CREDICUOTAS CONSUMO SERIE 18	CREDICUOTAS CONSUMO S.A.(Ex Credishopp S.A.)	DHSJO 	20/11/2025	20/08/2026	Dólares estadounidenses (U$S)	Argentina		A3/BYMA	AR0200192976	SERIE 18	0	0				FIX SCR: "A1(arg)" 		0	0	0	
Normal	ON EF-CLASE 11 DE BANCO HIPOTECARIO S.A. Bajo el régimen de Emisor Frecuente	Banco Hipotecario S.A.	HBCBO 	20/11/2025	20/11/2026	Pesos argentinos ($)	Argentina		A3/BYMA	AR0866487363	CLASE 11	0	0				Fix SCR "A1+ (arg)" 		0	0	0	
Normal	ON EF-  CLASE 12 DE BANCO HIPOTECARIO S.A. Bajo el régimen de Emisor Frecuente	Banco Hipotecario S.A.	HBCDO 	20/11/2025	20/11/2026	Dólares estadounidenses (U$S)	Argentina		A3/BYMA	AR0151686091	CLASE 12	0	0				Fix SCR "A1+ (arg)" 		0	0	0	
Normal	ON CLASE 5 DE PLUSPETROL S.A.	PLUSPETROL S.A.	PLC5O 	18/11/2025	18/05/2031	Dólares estadounidenses (U$S)	Extranjera		A3/BYMA	USP7924AAC29	CLASE 5	0	0						0	0	0	
Normal	ON CLASE XIX DE BACS BANCO DE CREDITO Y SECURITIZACIÓN	BACS BANCO DE CREDITO Y SECURITIZACIÓN S.A.	BDCKO 	14/11/2025	14/11/2026	Pesos argentinos ($)	Argentina		A3/BYMA	AR0493622127	CLASE XIX	0	0				FIX SCR SA "A1+(arg)" 		0	0	0	
Normal	ON CLASE XXX DE BANCO DE GALICIA Y BUENOS AIRES S.A.	BANCO DE LA CIUDAD DE BUENOS AIRES	BYCWO 	14/11/2025	30/11/2026	Dólares estadounidenses (U$S)	Argentina		A3/BYMA	AR0098652693	CLASE XXX	0	0				Moody’s Local  “ML A1-ar “ 		0	0	0	
Normal	ON CLASE 26 DE PAMPA ENERGIA 26 (internacional)	PAMPA ENERGIA S.A.	MGCRO 	14/11/2025	14/11/2037	Dólares estadounidenses (U$S)	Extranjera		A3/BYMA	USP7464EAY25	CLASE 26	0	0						0	0	0	
Normal	ON BANCO PATAGONIA CLASE 4	BANCO PATAGONIA S.A.	BGC4O 	13/11/2025	13/11/2026	Dólares estadounidenses (U$S)	Argentina		A3/BYMA	AR0401371130	CLASE 4	0	0				Moody´s "ML A-1.ar” 		0	0	0	
Normal	ON CLASE III DE MIRGOR S.A.C.I.F.I.A.	MIRGOR S.A.C.I.F.I.A.	MIC3O 	11/11/2025	11/11/2026	Dólares estadounidenses (U$S)	Argentina		A3/BYMA	AR0743608512	CLASE III	0	0				Moody’s Local  “ML A1-ar “ 		0	0	0	
Normal	ON BANCO COMAFI CLASE 17	BANCO COMAFI Sociedad Anónima	AFCIO 	07/11/2025	07/11/2026	Dólares estadounidenses (U$S)	Argentina		A3/BYMA	AR0736238632	CLASE 17	0	0				FIX SCR: "A1+(arg)" 		0	0	0	
Normal	ON TECPETROL CLASE 12	TECPETROL SOCIEDAD ANONIMA	TTCDO 	03/11/2025	03/11/2030	Dólares estadounidenses (U$S)	Extranjera		A3/BYMA	USP90187AT55	CLASE 12	0	0						0	0	0	
Normal	ON PYME CNV GAR VITALCAN CLASE 3	VITALCAN S.A.	VAC3P 	27/10/2025	27/10/2027	Dólares estadounidenses (U$S)	Argentina		A3/BYMA	AR0843720712	CLASE 3	0	0						0	0	0	
Normal	ON OILTANKING EBYTEM SERIE 5	OILTANKING EBYTEM S.A.	OTS5O 	23/10/2025	23/10/2026	Dólares estadounidenses (U$S)	Argentina		A3/BYMA	AR0034370418	SERIE 5	0	0				Moody´s “ML A-1.ar” 		0	0	0	
Normal	ON BANCO DE SERVICIOS Y TRANSACCIONES CLASE 24	BANCO DE SERVICIOS Y TRANSACCIONES S.A.	BVCPO 	21/10/2025	21/10/2026	Dólares estadounidenses (U$S)	Argentina		A3/BYMA	AR0869750478	CLASE 24	0	0				FIX SCR: "A1(arg)" 		0	0	0	
Finalizado	ON BANCO DE SERVICIOS Y TRANSACCIONES CLASE 25	BANCO DE SERVICIOS Y TRANSACCIONES S.A.	BVCQO 	21/10/2025	21/04/2026	Dólares estadounidenses (U$S)	Argentina		A3/BYMA	AR0059175270	CLASE 25	0	0				FIX SCR: "A1(arg)" 		0	0	0	
Normal	ON EF PAN AMERICAN ENERGY CLASE 42	PAN AMERICAN ENERGY SL Sucursal Argentina	PN42O 	17/10/2025	17/04/2027	Dólares estadounidenses (U$S)	Argentina		A3/BYMA	AR0081130814	CLASE 42	0	0				FIX SCR: "AAAsf(arg)" 		0	0	0	
Normal	ON CLASE 11 DE TECPETROL S.A.	TECPETROL SOCIEDAD ANONIMA	TTCBO 	16/10/2025	16/10/2027	Dólares estadounidenses (U$S)	Argentina		A3/BYMA	AR0152326457	CLASE 11	0	0				FIX "AAA (arg)" 		0	0	0	
Finalizado	ON CLASE XXX DE VISTA ENERGY ARGENTINA S.A.U.	VISTA ENERGY ARGENTINA S.A.U.	VSCWO 	15/10/2025	15/04/2027	Dólares estadounidenses (U$S)	Argentina		A3/BYMA	AR0652555118	CLASE XXX	0	0				Fix SCR "AAA.arg" y Moody's AAA 		0	0	0	
Finalizado	ON BANCO MARIVA SERIE 2	BANCO MARIVA S.A.	WBS2O 	08/10/2025	01/04/2026	Dólares estadounidenses (U$S)	Argentina		A3/BYMA	AR0605909594	SERIE 2	0	0				Moody´s “ML A-1.ar”  		0	0	0	
Normal	ON CLASE XLI DE YPF S.A.	YPF S.A.	YM41O 	08/10/2025	08/01/2027	Dólares estadounidenses (U$S)	Argentina		A3/BYMA	AR0675705039	CLASE XLI	0	0				Fix SCR  “AAA (arg)” y Moody’s Local  AAA.ar. 		0	0	0	
Normal	ON CLASE 2 DE ARCOR S.A.I.C.	ARCOR S.A.I.C.	RC2CO 	06/10/2025	06/10/2026	Dólares estadounidenses (U$S)	Argentina		A3/BYMA	AR0004792187	CLASE 2	0	0				Moody's Local ML A-1.ar 		0	0	0	
Finalizado	ON MERCADO PAGO CLASE 2	MERCADO PAGO SERVICIOS DE PROCESAMIENTO S.R.L.	SXC2O 	06/10/2025	01/06/2026	Dólares estadounidenses (U$S)	Argentina		A3/BYMA	AR0487329176	CLASE 2	0	0				Fix SCR S.A. “A1+(arg)”  y  Moody´s  “ML A-1.ar”  		0	0	0	
Normal	ON CLASE XX DE YPF ENERGIA ELECTRICA S.A. 	YPF ENERGIA ELECTRICA S.A.	YFCNO 	03/10/2025	03/10/2026	Dólares transferencia	Argentina		A3/BYMA	AR0361875989	CLASE XX	0	0				Moody’s Local Argentina asignó “ML A-1.ar” 		0	0	0	
Normal	ON INVERSORA JURAMENTO CLASE 6	INVERSORA JURAMENTO S.A.	JNC6O  	03/10/2025	03/10/2027	Dólares estadounidenses (U$S)	Argentina		A3/BYMA	AR0959790582	CLASE 6	0	0				 FIX SCR: "A-(arg)" 		0	0	0	
Finalizado	ON ANGEL ESTRADA CLASE 17	ANGEL ESTRADA Y COMPAÑIA S.A.	NLCIO 	03/10/2025	03/04/2026	Pesos argentinos ($)	Argentina		A3/BYMA	AR0632687221	CLASE 17	0	0				Moody´s “ML A-1.ar” y Fix “A1(arg)”  		0	0	0	
Normal	ON BANCO MARIVA SERIE 1	BANCO MARIVA S.A.	WBS1O 	29/09/2025	29/09/2026	Dólares estadounidenses (U$S)	Argentina		A3/BYMA	AR0821189211	SERIE 1	0	0				Moody´s “ML A-1.ar”  		0	0	0	
Normal	ON CREDICUOTAS CONSUMO SERIE 15	CREDICUOTAS CONSUMO S.A.(Ex Credishopp S.A.)	DHSGO 	09/09/2025	09/09/2026	Pesos argentinos ($)	Argentina		A3/BYMA	AR0907407859	SERIE 15	0	0				FIX SCR: "A1(arg)" 		0	0	0	
Finalizado	ON-CREDICUOTAS CONSUMO SERIE 16	CREDICUOTAS CONSUMO S.A.(Ex Credishopp S.A.)	DHSHO 	09/09/2025	09/06/2026	Dólares estadounidenses (U$S)	Argentina		A3/BYMA	AR0016396415	SERIE 16	0	0				FIX SCR: "A1(arg)" 		0	0	0	
Normal	ON SCANIA CREDIT ARGENTINA SAU CLASE 1	SCANIA CREDIT ARGENTINA S.A.U.	SBC1O 	05/09/2025	05/09/2027	Dólares estadounidenses (U$S)	Argentina		A3/BYMA	AR0200205687	CLASE 1	0	0				Fix SCR S.A.  AA(arg) 		0	0	0	
Normal	ON BANCO DE VALORES SERIE 2	BANCO DE VALORES S.A.	VBC2O 	05/09/2025	05/09/2026	Dólares estadounidenses (U$S)	Argentina		A3/BYMA	AR0188242348	SERIE 2	0	0				Moody´s Local: "ML A-1.ar"  		0	0	0	
Normal	ON CLASE 3 DE PLAZA LOGISTICA SRL , bajo el régimen de emisor frecuente	PLAZA LOGISTICA SRL	PZC3O 	03/09/2025	03/09/2027	Dólares estadounidenses (U$S)	Argentina		A3/BYMA		CLASE 3	0	0				FIX SCR “AA (arg) 		0	0	0	
Normal	ON SERIE XXXIII CLASE XLIX DE CRESUD S.A.C.I.F. y A.	CRESUD , Sociedad Anonima, Comercial, Inmobiliaria, Financiera y Agropecuaria	CS49O 	02/09/2025	02/09/2027	Dólares estadounidenses (U$S)	Argentina		A3/BYMA	AR0682514259	SERIE XXXIII CLASE XLIX	0	0				Fix SCR "AAA (Arg) 		0	0	0	
Normal	ON CLASE XVIII DE PETROLERA ACONCAGUA ENERGIA S.A.	PETROLERA ACONCAGUA ENERGÍA S.A.	PECJO 	29/08/2025	25/08/2030	Pesos argentinos ($)	Argentina		A3/BYMA	AR0042334919	CLASE XVIII	0	0				Fix SCR "BBB (arg)" 		0	0	0	
Normal	ON CLASE XIX DE PETROLERA ACONCAGUA ENERGIA  S.A.	PETROLERA ACONCAGUA ENERGÍA S.A.	PECKO 	29/08/2025	25/08/2030	Dólares estadounidenses (U$S)	Argentina		A3/BYMA	AR0176873831	CLASE XIX	0	0				Fix SCR "BBB (arg)" 		0	0	0	
Normal	ON CLASE XX DE PETROLERA ACONCAGUA ENERGIA S.A.	PETROLERA ACONCAGUA ENERGÍA S.A.	PECLO 	29/08/2025	25/08/2032	Pesos argentinos ($)	Argentina		A3/BYMA	AR0277195662	CLASE XX	0	0				FIX SCR "BBB (arg)" 		0	0	0	
Normal	ON CLASE XXI DE PETROLERA ACONCAGUA ENERGIA S.A. 	PETROLERA ACONCAGUA ENERGÍA S.A.	PECMO 	29/08/2025	25/08/2032	Dólares estadounidenses (U$S)	Argentina		A3/BYMA	AR0990368851	CLASE XXI	0	0				FIX SCR "BBB (arg)" 		0	0	0	
Normal	ON CLASE XXII DE PETROLERA ACONCAGUA ENERGIA S.A.	PETROLERA ACONCAGUA ENERGÍA S.A.	PECNO 	29/08/2025	25/08/2032	Dólares estadounidenses (U$S)	Argentina		A3/BYMA	AR0199819753	CLASE XXII	0	0				FIX SCR "BBB (Arg)" 		0	0	0	
Normal	ON CLASE XXIII DE PETROLERA ACONCAGUA ENERGIA S.A.	PETROLERA ACONCAGUA ENERGÍA S.A.	PECOO 	29/08/2025	25/08/2030	Dólares estadounidenses (U$S)	Argentina		A3/BYMA	AR0465148036	CLASE XXIII	0	0				FIX SCR "BBB (arg)" 		0	0	0	
Normal	ON BANCO CMF CLASE 19	Banco CMF SA	BCCKO 	29/08/2025	29/08/2026	Dólares estadounidenses (U$S)	Argentina		A3/BYMA	AR0441084883	CLASE 19	0	0				FIX SCR SA "A1(arg)" 		0	0	0	
Finalizado	ON EF TARJETA NARANJA CLASE 65, SERIE 1	TARJETA NARANJA S.A.U.	T651O 	28/08/2025	28/05/2026	Pesos argentinos ($)	Argentina		A3/BYMA	AR0357863437	SERIE 1 CLASE 65	0	0				Fix SCR S.A.  “A1+(arg)”  		0	0	0	
Finalizado	ON EF TARJETA NARANJA CLASE 65, SERIE 2	TARJETA NARANJA S.A.U.	T652O 	28/08/2025	28/05/2026	Dólares estadounidenses (U$S)	Argentina		A3/BYMA	AR0720596862	SERIE 2 CLASE 65	0	0				Fix SCR S.A.  “A1+(arg)” 		0	0	0	
Normal	ON CLASE XL DE YPF S.A. emitida bajo el régimen de Esmisor Frecuente	YPF S.A.	YM40O 	28/08/2025	28/08/2028	Dólares estadounidenses (U$S)	Argentina		A3/BYMA	AR0963751125	CLASE XL	0	0				Fix SCR  “AAA (arg)” y Moody’s Local  AAA.ar. 		0	0	0	
Normal	ON EF PAN AMERICAN ENERGY CLASE 41	PAN AMERICAN ENERGY SL Sucursal Argentina	PN41O 	27/08/2025	27/08/2029	Dólares estadounidenses (U$S)	Argentina		A3/BYMA	AR0299198264	CLASE 41	0	0				Moody's Local Ar: "AAA.ar" 		0	0	0	
Normal	ON BANCO SUPERVIELLE CLASE S	Banco Supervielle S.A.	BPCSO 	26/08/2025	26/08/2026	Dólares estadounidenses (U$S)	Argentina		A3/BYMA	AR0982170596	CLASE S	0	0				Moody´s “ML A-1.ar” 		0	0	0	
Normal	ON BANCO SUPERVIELLE CLASE T	Banco Supervielle S.A.	BPCTO 	26/08/2025	26/08/2027	Dólares estadounidenses (U$S)	Argentina		A3/BYMA	AR0325784970	CLASE T	0	0				Moody´s “AA+.ar” 		0	0	0	
Normal	ON CLASE C DE CENTRAL PUERTO S.A.	CENTRAL PUERTO S.A.	NPCCO 	25/08/2025	25/08/2029	Dólares estadounidenses (U$S)	Argentina		A3/BYMA	AR0630055561	CLASE C	0	0				Fix SCR “AA (arg)”  		0	0	0	
Normal	ON CFN SERIE 8	CFN S.A.	CFS8O 	22/08/2025	22/08/2026	Pesos argentinos ($)	Argentina		A3/BYMA	AR0599297139	SERIE 8	0	0				Fix SCR S.A.  A1(arg) 		0	0	0	
Normal	ON BANCO BBVA CLASE 37	BANCO BBVA ARGENTINA S.A.	BF37O 	22/08/2025	22/08/2026	Dólares estadounidenses (U$S)	Argentina		A3/BYMA	AR0042275856	CLASE 37	0	0				Fix SCR S.A.  A1+(arg) 		0	0	0	
Normal	ON CLASE 10 DE BANCO HIPOTECARIO S.A. Emitida bajo el Régimen de Emisor Frecuente	Banco Hipotecario S.A.	HBCAO 	22/08/2025	22/08/2026	Dólares estadounidenses (U$S)	Argentina		A3/BYMA	AR0137295777	CLASE 10	0	0				Moody’s Local “ML A1.ar” 		0	0	0	
Normal	ON BANCO DE LA PROVINCIA DE CORDOBA CLASE 1	Banco de la Provincia de Cordoba S.A.	COC1O 	22/08/2025	22/08/2026	Pesos argentinos ($)	Argentina		A3/BYMA	AR0047754202	CLASE 1	0	0				FIX SCR: "A1+(arg)" 		0	0	0	
Normal	ON BANCO DE LA PROVINCIA DE CORDOBA CLASE 2	Banco de la Provincia de Cordoba S.A.	COC2O 	22/08/2025	22/08/2026	Dólares estadounidenses (U$S)	Argentina		A3/BYMA	AR0470733053	CLASE 2	0	0				FIX SCR: "A1+(arg)" 		0	0	0	
Normal	ON BANCO COMAFI CLASE 16	BANCO COMAFI Sociedad Anónima	AFCHO 	19/08/2025	19/08/2026	Dólares estadounidenses (U$S)	Argentina		A3/BYMA	AR0271987817	CLASE 16	0	0				FIX SCR: "A1+(arg)" 		0	0	0	
Normal	ON CLASE XXIX DE BANCO DE GALICIA Y BUENOS AIRES S.A. bajo el régimen de Emisor Frecuente	Banco de Galicia y Buenos Aires S.A.U.	BYCVO 	14/08/2025	31/08/2026	Dólares estadounidenses (U$S)	Argentina		A3/BYMA	AR0422946126	CLASE XXIX	0	0				“Moody's "ML A1-ar " 		0	0	0	
Normal	ON CLASE 8 DE EMPRESA DISTRIBUIDORA Y COMERCIALIZADORA NORTE S.A.	Empresa Distribuidora y Comercializadora Norte S.A. (EDENOR)	DNC8O 	07/08/2025	07/08/2026	Dólares estadounidenses (U$S)	Argentina		A3/BYMA	AR0787561361	CLASE 8	0	0				Fix SCR "A1(arg)" 		0	0	0	
Normal	ON CLASE 9 DE EMPRESA DISTRIBUIDORA Y COMERCIALIZADORA NORTE S.A.	Empresa Distribuidora y Comercializadora Norte S.A. (EDENOR)	DNC9O 	07/08/2025	07/08/2026	Pesos argentinos ($)	Argentina		A3/BYMA	AR0859113117	CLASE 9	0	0				Fix SCR "A1(arg)" 		0	0	0	
Normal	ON CLASE 25 DE PAMPA ENERGIA bajo el régimen de emisor frecuente	PAMPA ENERGIA S.A.	MGCQO 	06/08/2025	06/08/2028	Dólares estadounidenses (U$S)	Argentina		A3/BYMA	AR0519406398	CLASE 25	0	0				Fix SCR "AAA (arg)" 		0	0	0	
